keyword,title,url,description
Pizza,Order Pizza Online - Delivery and Takeaway,https://www.pizzahut.co.in/,[]
Pizza,Images,/search?q=Pizza&num=20&gl=IN&tbm=isch&source=iu&ictx=1&vet=1&fir=WCLnGSt8Lga7QM%252Ch3f5tfRBwiZJpM%252C%252Fm%252F0663v%253B-HkxxU04oxMmlM%252C3MhP2mVt5CcTWM%252C_%253BgfdMl48Du4H44M%252CRTyKy0zREPWS0M%252C_%253BOH5Mp_K39PZzmM%252CDzyg6W05d060oM%252C_&usg=AI4_-kS0Z3CAYZBtA_oEhndl2-Qd0JcRbA&sa=X&ved=2ahUKEwiRwtz5lMT4AhX1wjgGHbB2BiUQ_B16BQiQARAB#imgrc=WCLnGSt8Lga7QM,[]
Pizza,Pizza - Wikipedia,https://en.wikipedia.org/wiki/Pizza,[]
Pizza,Domino's Pizza,https://www.dominos.co.in/,[]
Pizza,The 10 Best Pizza Places in Chandigarh - TripAdvisor,https://www.tripadvisor.in/Restaurants-g297596-c31-Chandigarh.html,[]
Pizza,Pizza Outlets in Chandigarh - Pizza Restaurants Nearby,https://www.justdial.com/Chandigarh/Pizza-Outlets/nct-10370637,[]
Pizza,15 best pizza places in Chandigarh: The ultimate GQ guide,https://www.gqindia.com/live-well/content/best-pizza-places-in-chandigarh-restaurants-ultimate-gq-guide,[]
Pizza,Pizza Sailorz - Phase 1 Mohali Sector 55 Chandigarh,https://www.swiggy.com/restaurants/pizza-sailorz-phase-1-mohali-sector-55-chandigarh-89634,[]
Pizza,"pizza | Description, Ingredients, & Types | Britannica",https://www.britannica.com/topic/pizza,[]
Pizza,The 10 Best Pizza Restaurant in Chandigarh for June 2022,https://www.zomato.com/chandigarh/best-pizza-restaurants,[]
Pizza,#pizza hashtag on Instagram â€¢ Photos and Videos,https://www.instagram.com/explore/tags/pizza/?hl=en,[]
Pizza,La Pinoz Pizza - Order Pizza Online,https://lapinozpizza.in/,[]
Pizza,MENU - MOJO Pizza,https://mojopizza.in/menu,[]
Pizza,Ovenstory Pizza - Order Pizza Online | Use: PIZZA40 to save ...,https://www.ovenstory.in/,[]
Pizza,PIZZA | meaning in the Cambridge English Dictionary,https://dictionary.cambridge.org/dictionary/english/pizza,[]
Pizza,Jamie Oliver's Pizzeria opens doors in Chandigarh,https://indianexpress.com/article/cities/chandigarh/jamie-oliver-pizzeria-chandigarh-7688578/,[]
